subject,test,emg_Left_BicFem,emg_Left_GastroLat,emg_Left_GastroMed,emg_Left_GlutMax,emg_Left_RecFem,emg_Left_Semitend,emg_Left_TibAnt,emg_Left_VastLat,emg_Right_BicFem,emg_Right_GastroLat,emg_Right_GastroMed,emg_Right_GlutMax,emg_Right_RecFem,emg_Right_Semitend,emg_Right_TibAnt,emg_Right_VastLat,grf_peak_Left,grf_peak_Right,rom_Hip_Left,rom_Hip_Right,rom_Knee_Left,rom_Knee_Right,rom_Ankle_Left,rom_Ankle_Right,target
4,T1,0.12319759299633655,2.5983263657155002,0.13921737573617776,0.044567911405031954,0.024523319722816083,0.1488952417946227,0.07744554830096843,0.008737485133133436,0.09250649147078976,0.09207313982409261,0.15115365663043936,0.04508659416473729,0.025950948112876918,0.0704839603863098,0.10151523319466627,0.012002955523541565,9.826850489510578,9.749711258357165,48.282807377125735,50.32829262396622,66.17781346756428,64.43954645534801,38.9860223138453,33.71742395783491,1.777594817616959
4,T2,0.12182891274778251,2.1314152112046427,0.14663516709934177,0.04369549045756227,0.024954243957488294,0.14118380193337307,0.07758015685122191,0.008305123628139942,0.09442406858036188,0.08366957122961947,0.16195369239134508,0.0434417380794069,0.02674451171238538,0.07216512167137316,0.0930462692847868,0.010419806586960434,9.974605260685111,9.896885801950132,46.92863121718628,47.582422960391675,68.5614587456615,68.00725330311523,40.653844094525226,34.03800308884979,1.820360606106613
4,T3,0.128237371683816,59.83209084739127,0.15579930966617644,0.044535488114172135,0.024173350501969487,0.134116126916658,0.08376691749994845,0.008665470376936726,0.09320820445978702,0.0865999457637994,0.1636080818382858,0.043706579942363134,0.029417789552864254,0.08600367132858648,0.10173945927961163,0.008789604011363207,10.13481709511433,10.005105512662887,44.03197560484809,45.44136161175931,67.92745619564367,68.39074947904663,40.80410595766531,32.781995640968866,1.8232982807017544
4,T4,0.14393150344934183,30.419483058662856,0.1676992079290487,0.04710117883834739,0.031902200864360505,0.1494890544728458,0.0811766064053282,0.009698517547105184,0.1089601143101895,0.08876953235718671,0.1710853731160397,0.04771050461157766,0.03861732595003328,0.0863179994555981,0.10342437325518698,0.010514737127212254,9.967561060069892,9.894981507987195,41.475930770397305,41.65935320632087,68.49399483394001,67.73016115512073,42.69940532966338,35.22918262902691,2.0241901067813766
4,T5,0.16322768659015727,66.0292663277246,0.17657751422464366,0.04833867366734915,0.03663337873749848,0.1471905159479151,0.08518042576238123,0.00922034546676148,0.13054969732925778,0.09911018489186571,0.17020940676441937,0.051137128429125794,0.043607904316265926,0.09199130128632073,0.09959695225869025,0.008770390950349972,9.803436124859378,9.864586736277786,40.096425106118744,40.7208791873792,67.98129300072769,65.8239456301222,42.5147663071562,32.9783594931885,2.097896966478696
4,T6,0.09912985328949685,0.06133901053283225,0.13414412059338388,0.031206580604976882,0.02087557317354424,0.14733495449220296,0.11056974780377275,0.007231124717400011,0.08714465683837079,0.06682899002322289,0.14739932493841004,0.031018213130176796,0.024313348713693644,0.12802319329769113,0.10214968275276431,0.010550726013864923,9.627157421758906,10.121139215047837,41.873088643193334,41.50434033017811,61.99938897231157,60.69114342409397,31.017621853147993,27.69996446018002,1.7384996756756752
4,T7,0.10183314683128082,0.046859695353709124,0.11379910324204748,0.03037637127430875,0.02238052549658862,0.14739285815689274,0.10726573397712312,0.007095425153468035,0.08641645765817754,0.055688502635819745,0.11850682766283151,0.0315175166058385,0.027629456508730065,0.1382668102022537,0.10149261874085687,0.010936799602990387,9.869002907470358,10.35249280462501,40.05922556647542,40.859455618898394,66.25034679907125,65.17838579720778,32.174121366044616,27.777940690635894,1.3245515638138132
4,T8,0.1135670781372235,0.052148087968808356,0.11606953750259755,0.03167846424415248,0.025522371069693555,0.15072141312791298,0.10376087334266565,0.007516876049676462,0.09561100724380704,0.06116112279079043,0.12821730975079168,0.031119412298037226,0.025765487514084633,0.14959113395580198,0.09586003327654294,0.011271072996019413,9.902168476142753,10.195110027280503,39.11732997976738,37.740963416646125,67.83921226795357,65.47680448336283,34.185168532822125,28.813324390643686,2.23635986097461
4,T9,0.12432549411831294,0.047499758778847226,0.08478739623645717,0.03288869053068098,0.02868058228618004,0.14746138299010988,0.10648868015890033,0.008905796704509684,0.10634930158866278,0.0559472825164446,0.11024619334071006,0.03238204548868837,0.033339713393203935,0.14359913719205444,0.09754635051087995,0.01175908109425564,9.955744097935273,10.306019052392541,37.16549286962431,36.32966939993435,70.77109193057579,69.1550017684625,37.40242596775152,30.379436307306673,1.9849969298048045
4,T10,0.13572449613087928,0.05457491239579305,0.10461985174056139,0.0345760541277206,0.036517547597252537,0.1586317692517482,0.10944883581573896,0.007937919585405708,0.11289069857338843,0.06696612028223319,0.13040888259131078,0.036360524495797665,0.03968449463304737,0.17209291704981847,0.10886065300792802,0.01513348405462274,9.46592138098163,9.616903425851977,34.674895403760324,33.86196542093954,67.02542418811097,66.625665981742,28.3190373569874,29.031079158396757,2.3397908374624614
4,T11,0.11303634686234597,0.0436740592475441,0.08933872266384374,0.029267387697380853,0.023843940650301716,0.14888771363373027,0.1188492128899118,0.008659587896995271,0.0717522859171611,0.04913285547630022,0.11590949698983302,0.033799951619754486,0.031100290721481866,0.11775982463389033,0.10686594751873942,0.012046726567334711,9.573544371040802,9.603815544345771,29.46392187813187,28.56151479036661,53.2806908031977,54.13008531985443,27.55815283146339,23.41791772115214,1.5518463011088013
4,T12,0.1279081103626095,0.05738728170063799,0.12303452003885768,0.0287379001184289,0.025199960040211765,0.1567011969590905,0.1031773039715015,0.008888524457904048,0.0814023129899037,0.0479627198606041,0.1152483840289887,0.03298152329618927,0.029353315207248255,0.1379557482750833,0.09936497551860879,0.012386045006609172,9.796311290981718,9.780546343810606,29.451718472886377,27.022090649384104,52.50037378500187,52.726566996438095,25.076009010081492,22.270352546675888,1.5008051282051282
4,T13,0.13300894186181006,0.05804506559916647,0.1466744631164517,0.029313582395682058,0.026170317316047517,0.1701157977630324,0.09312708855214229,0.008865878499730967,0.08391435149379708,0.0489182492959058,0.14357284534577203,0.032630948393060424,0.030922548870699354,0.152525472155574,0.08811810214491778,0.012424810077138587,9.893101764669808,9.932038887543667,27.76786668444009,25.935758132467004,52.89057794488803,51.78552875684045,22.072856264895897,19.11672326302805,1.5599549688149688
4,T14,0.1066373455336728,0.03633164375646935,0.0806676725994853,0.03033183640931844,0.02617647078258778,0.12690693435364983,0.12041505174223241,0.008802340745093866,0.06497435479311961,0.037417838620974385,0.11200540873045912,0.034094831547845234,0.030158708461500462,0.1185680520763444,0.09855499738796278,0.012145273116890778,9.677539390726647,9.610740855795935,24.06857497394496,22.909694310630744,51.029298648337864,53.906816796148455,25.568865392925215,21.75494491542772,1.0362703889466387
4,T15,0.11159457811237831,0.0449017192065242,0.11877148530689531,0.031666785714536856,0.027745422157389548,0.1422499592289789,0.12100363160897476,0.008639214440246172,0.07585123891897097,0.03815050821504424,0.12258059666447206,0.0354081302600356,0.03449576406787694,0.12391268868027377,0.10984629478278642,0.01220811972881424,9.654956664432724,9.739137544881451,24.402218449778015,22.29354993220228,51.82465365297495,53.2890844497942,23.838516269634233,21.1937826730376,1.8602790019346267
4,T16,0.12388148794248617,0.11546417599945939,0.17010564149834947,0.04433347657188531,0.045698799351873785,0.145202378965815,0.1477157013102883,0.011226045797907076,0.08760482409914032,0.21578828461423002,0.24894975029472738,0.05861122348947372,0.04956454617275504,0.21464938334992817,0.10616856150318148,0.03410285441688869,9.99616241734096,12.036731749295129,48.21682447066513,52.97681784464815,19.082144263126114,59.545996482562295,26.86137912366005,33.173678572255426,3.685669330330329
4,T17,0.17759410552537575,0.1553176286554359,0.2205620201963942,0.06438986511343843,0.08977801780575302,0.19452089986901655,0.16985973969287077,0.01838321895057486,0.11009235610032145,0.21205939118905734,0.26109599057177085,0.09182714754606709,0.08914897552651987,0.25766501026511374,0.12184280491885086,0.03795294448755777,9.573235997185364,11.245490962592939,44.12252590995028,49.07626956417201,21.567034639563737,63.90310112434553,26.565411128313798,31.41709439778521,3.6317975790020784
4,T18,0.11772424027777184,0.11491983787746043,0.19036024030229026,0.04206502571324146,0.03915459227734726,0.13300321871447202,0.1523534503865007,0.010191334387762858,0.0954994784181352,0.2214267416097694,0.2596774755675859,0.04897071813942318,0.043900431235245535,0.23671948110045046,0.10207407792071692,0.03367828385051705,10.077378417350483,11.999155994497428,41.351927204818246,46.265645225165,22.784952388689998,64.46620788263913,25.737747988001466,34.08296204338684,3.873218290915915
4,T19,0.11802092376565868,0.1212342708065685,0.23405715650866013,0.043857175430441014,0.04401673755643593,0.14163497004664632,0.17310844922932683,0.010191467966588324,0.14335073073953317,0.18932055400837144,0.28072006530661997,0.06061313652063118,0.04903842535846311,0.27087083306909465,0.11515500748277696,0.03311416244279282,9.632835324161674,10.858159638948724,34.620466142733115,41.162460266484736,25.329358154272608,61.88598405522385,23.95421438366091,30.726245738035256,3.8438581370120115
4,T20,0.13158383700398382,0.10227083879205869,0.1725665343172052,0.046393961697491694,0.049011208089741465,0.1575414072907827,0.16692638658819772,0.014907893388945343,0.16613362162561685,0.20033853699214163,0.279207193407951,0.05954749548705706,0.07657754177253535,0.28768209591074545,0.1144721610471466,0.04267704564337346,10.005093884027243,11.957691187218572,32.08775759528302,40.930712796286436,27.74828258086081,57.064906129298535,21.92972687486399,36.28180553259905,4.808435674037674
4,T21,0.19403693815714912,6.092250102929682,0.13853283828229043,0.046091929774201706,0.058689493393244786,0.15851654500524465,0.10367938678064705,0.018901003236317205,0.0898900350115414,0.15263854245825234,0.16553563555481868,0.086037531607666,0.08490072819447979,0.10455301428874643,0.09527434265643708,0.0372927534131532,9.05839101652229,9.818866558963219,34.09368230191281,46.89863238436538,14.05046122533533,56.59286277031581,30.46156230234189,26.906457112129473,1.870554540633434
4,T22,0.18626693797985353,6.375935508018888,0.12055939731706419,0.04586004082808531,0.043961456021908644,0.11999451972579708,0.11001097198428468,0.014582219792614032,0.08731950503454734,0.1329831866262549,0.15538466024351794,0.0827155116427713,0.06920513549533858,0.09564578677247167,0.0939693737389957,0.036691564826960496,9.157304576109347,9.995988844653917,34.47076147944773,45.45537763333741,14.059311051988015,58.39520623269161,29.86469775109316,26.471433977439844,2.0558542369897097
4,T23,0.12095056367496222,5.846227635696244,0.10489480218657035,0.04602875650296852,0.018732104079396933,0.11180301511035096,0.09542915917443441,0.007060073215833399,0.10785819981720288,0.1400509838433535,0.16564006282692906,0.06923526283773186,0.02573235728983223,0.11400308676609286,0.10378655391422134,0.010429217720455998,9.28833050739386,9.46322277805807,32.143377999022924,40.07252465964049,16.23956438894487,60.95109084649967,27.65822256927981,25.547380607555652,1.5679940008223683
4,T24,0.15145386632505664,3.1952476006230324,0.07396252766721644,0.047943048776825495,0.03831076721440734,0.09854072197435906,0.11862023539565673,0.01806318842664378,0.14000892900807546,0.1304357881070774,0.17499830303085945,0.08738798637094146,0.07375820075461971,0.12349112211170346,0.107156687566869,0.024592188455708996,9.419887084784248,9.745365161192415,27.30079130327578,39.04870206700169,18.97766198583264,64.47146048825114,25.967987427814517,27.678821441662606,1.907285216100146
4,T25,0.1492917837367758,4.546469008835412,0.07567373173643893,0.05092700546964797,0.04591814962952781,0.11549912767926268,0.13618021498309626,0.017593421192702838,0.11375385452906805,0.13689593112987652,0.1986100133136129,0.10049297678112724,0.09180822174345321,0.12532281407944101,0.10326469145851751,0.04164599634155189,9.510180564369463,10.176721996258049,24.38106588494355,36.199774058036006,21.868061672530956,59.499384509773456,24.25828083463952,24.272050599668397,2.330780595433897
4,T26,0.06879717325251303,0.07310352594735826,0.4526708837546908,0.03758252799056642,0.014020747728928936,0.0641727042576212,0.07192791455327296,0.006905837190876944,0.03548200650762412,0.0604468421603874,0.09447916875890053,0.05291874020935362,0.034163300246846905,0.0560868179798554,0.0741250180350967,0.01901648967158967,9.6544660423966,9.473248067238636,27.29345910559405,30.685088900347957,8.487366684549803,35.52788911599178,24.41030598989031,20.548170386310325,1.1707706253654968
4,T27,0.06068257561709267,0.053954998144696224,0.3360496071051771,0.037274256913390695,0.014160328504913187,0.05097496035270302,0.0910693111832998,0.006939700982173745,0.050146472925601294,0.06133486464138869,0.12758319990278685,0.04629196493990403,0.0232811524665606,0.055845099459765665,0.07769240784075755,0.009093025562070261,9.728283685378026,9.412317171337921,24.1100542195841,27.344124646209803,8.662801115082354,45.743213832572145,22.17103415834611,21.204838737693038,1.0555199287280697
4,T28,0.0804602679267246,0.08881300550043723,0.34545690388454753,0.03808603008688869,0.0140719949702679,0.056848051914759674,0.0941479594522144,0.00699023311080406,0.035120672487850814,0.06709261805147315,0.1144140705606494,0.05510443636512993,0.03788603709652369,0.04520365895687303,0.09831000319517001,0.02317738242963365,9.680064021152747,9.69240408247235,23.041415602993034,33.738022733569004,11.483139186484392,39.31030403709789,22.919839723323353,14.833849941509872,1.2033936695906429
4,T29,0.054539230704023174,0.05530539056759662,0.2821929362544976,0.03819694967984081,0.014259989819171742,0.05025814445709872,0.07788131694092006,0.0069881213772675765,0.043322312126860336,0.057868536138607984,0.11283919729088626,0.05891936116319669,0.03405178685581695,0.05210087795460088,0.07504834732319687,0.019814939142767826,9.825125766681769,9.40030088955641,21.476596028125016,25.057531462267026,10.904450366359063,38.31789860906474,20.273230032074974,16.508513739790253,1.0791233406432748
4,T30,0.06862551484219113,0.06280189730467012,0.20917276448649963,0.03793745326255868,0.01412047783624109,0.06338959268804291,0.08736106609878347,0.00706743453892929,0.05074281859848559,0.05747749685939489,0.1288909802892344,0.06355754618680574,0.033546233610617315,0.06043694966956278,0.08411391091733894,0.01988709064558579,9.839172699666518,9.555235929897567,17.98744862397941,24.1198868920455,11.109761952036811,37.77608817108566,18.987587359543753,15.118461097178898,0.9582430620822888
